Time (s),VEL-Z (nm/s),VEL-R (nm/s),VEL-T (nm/s)
0,-3.62,2.12,1.81
0.151,-2.81,2.8,2.71
0.302,2.9,-1.03,-0.947
0.453,1.5,-1.18,-0.888
0.604,1.54,-0.815,-0.569
0.755,0.305,-0.421,-0.523
0.906,0.337,-0.147,0.131
1.06,0.961,-0.363,-0.388
1.21,0.16,-0.398,-0.39
1.36,0.0946,0.105,0.286
1.51,0.464,-0.296,-0.461
1.66,-0.598,0.144,0.222
1.81,0.345,0.0682,0.109
1.96,-0.25,-0.086,-0.279
2.11,-0.431,0.276,0.444
2.27,0.247,0.019,-0.121
2.42,-0.51,0.0242,-0.0281
2.57,-0.135,0.299,0.425
2.72,0.208,-0.161,-0.359
2.87,-0.623,0.205,0.299
3.02,0.383,0.058,0.0801
3.17,-0.17,-0.133,-0.292
3.32,-0.232,0.206,0.401
3.47,0.459,-0.122,-0.249
3.62,-0.353,-0.0566,-0.0574
3.78,0.139,0.161,0.303
3.93,0.32,-0.26,-0.437
4.08,-0.449,0.131,0.264
4.23,0.513,-0.0311,-0.018
4.38,-0.142,-0.17,-0.303
4.53,-0.151,0.185,0.385
4.68,0.459,-0.157,-0.299
4.83,-0.407,-0.0202,-0.00163
4.98,0.167,0.156,0.276
5.14,0.209,-0.231,-0.416
5.29,-0.477,0.176,0.318
5.44,0.473,-0.0223,-0.0414
5.59,-0.246,-0.123,-0.245
5.74,-0.149,0.215,0.406
5.89,0.401,-0.154,-0.316
6.04,-0.462,0.0273,0.0644
6.19,0.207,0.146,0.245
6.34,0.138,-0.219,-0.401
6.49,-0.447,0.193,0.348
6.65,0.491,-0.0483,-0.0897
6.8,-0.284,-0.109,-0.209
6.95,-0.0812,0.205,0.393
7.1,0.39,-0.18,-0.351
7.25,-0.464,0.0465,0.108
7.4,0.276,0.113,0.195
7.55,0.0888,-0.219,-0.394
7.7,-0.4,0.199,0.367
7.85,0.506,-0.0776,-0.14
8,-0.324,-0.0902,-0.169
8.16,-0.022,0.197,0.377
8.31,0.356,-0.194,-0.375
8.46,-0.474,0.0736,0.156
8.61,0.321,0.0892,0.149
8.76,0.0231,-0.207,-0.373
8.91,-0.362,0.211,0.387
9.06,0.503,-0.0989,-0.184
9.21,-0.37,-0.0643,-0.122
9.36,0.0326,0.189,0.359
9.52,0.313,-0.203,-0.391
9.67,-0.478,0.1,0.203
9.82,0.363,0.064,0.102
9.97,-0.039,-0.193,-0.349
10.1,-0.316,0.218,0.4
10.3,0.498,-0.122,-0.226
10.4,-0.406,-0.0397,-0.0745
10.6,0.0916,0.176,0.333
10.7,0.268,-0.21,-0.403
10.9,-0.47,0.123,0.245
11,0.401,0.0365,0.0517
11.2,-0.0986,-0.178,-0.32
11.3,-0.265,0.222,0.407
11.5,0.485,-0.143,-0.266
11.6,-0.437,-0.0142,-0.0257
11.8,0.149,0.16,0.302
11.9,0.218,-0.214,-0.408
12.1,-0.456,0.144,0.283
12.2,0.431,0.00952,0.00152
12.4,-0.157,-0.16,-0.286
12.5,-0.211,0.223,0.409
12.7,0.465,-0.162,-0.301
12.8,-0.463,0.0122,0.0239
13,0.204,0.142,0.267
13.1,0.164,-0.214,-0.407
13.3,-0.435,0.163,0.317
13.4,0.455,-0.0176,-0.0486
13.6,-0.213,-0.14,-0.247
13.7,-0.154,0.22,0.404
13.9,0.439,-0.179,-0.332
14,-0.481,0.0383,0.0731
14.2,0.257,0.122,0.227
14.3,0.108,-0.211,-0.4
14.5,-0.407,0.179,0.347
14.7,0.472,-0.0443,-0.098
14.8,-0.265,-0.118,-0.206
15,-0.0951,0.215,0.393
15.1,0.407,-0.193,-0.358
15.3,-0.493,0.064,0.121
15.4,0.306,0.0993,0.185
15.6,0.0494,-0.205,-0.387
15.7,-0.372,0.193,0.371
15.9,0.481,-0.0703,-0.146
16,-0.314,-0.0937,-0.161
16.2,-0.035,0.207,0.376
16.3,0.368,-0.205,-0.379
16.5,-0.498,0.0888,0.168
16.6,0.351,0.0753,0.139
16.8,-0.00988,-0.195,-0.368
16.9,-0.332,0.203,0.389
17.1,0.483,-0.0951,-0.192
17.2,-0.357,-0.0685,-0.114
17.4,0.0254,0.195,0.354
17.5,0.324,-0.213,-0.394
17.7,-0.495,0.112,0.211
17.8,0.39,0.0501,0.0914
18,-0.0692,-0.183,-0.343
18.1,-0.287,0.211,0.402
18.3,0.478,-0.118,-0.234
18.4,-0.395,-0.0424,-0.0648
18.6,0.0851,0.181,0.327
18.7,0.276,-0.219,-0.404
18.9,-0.485,0.135,0.252
19,0.424,0.0241,0.0424
19.2,-0.128,-0.168,-0.314
19.3,-0.238,0.215,0.409
19.5,0.465,-0.14,-0.274
19.6,-0.426,-0.0157,-0.015
19.8,0.144,0.164,0.295
19.9,0.224,-0.221,-0.407
20.1,-0.468,0.154,0.289
20.2,0.453,-0.00247,-0.00724
20.4,-0.184,-0.15,-0.279
20.5,-0.184,0.216,0.409
20.7,0.446,-0.159,-0.309
20.8,-0.451,0.011,0.0351
21,0.2,0.144,0.258
21.1,0.168,-0.22,-0.404
21.3,-0.445,0.172,0.322
21.4,0.473,-0.0288,-0.0569
21.6,-0.239,-0.13,-0.241
21.7,-0.128,0.214,0.404
21.9,0.418,-0.176,-0.34
22.1,-0.471,0.0382,0.0844
22.2,0.252,0.124,0.217
22.4,0.109,-0.215,-0.396
22.5,-0.416,0.188,0.35
22.7,0.487,-0.0544,-0.106
22.8,-0.29,-0.107,-0.199
23,-0.0698,0.209,0.392
23.1,0.386,-0.19,-0.365
23.3,-0.48,0.0636,0.133
23.4,0.304,0.0993,0.174
23.6,0.0534,-0.209,-0.38
23.7,-0.375,0.199,0.373
23.9,0.499,-0.0817,-0.152
24,-0.331,-0.0856,-0.154
24.2,-0.00569,0.198,0.376
24.3,0.351,-0.204,-0.385
24.5,-0.482,0.0871,0.18
24.6,0.349,0.0738,0.127
24.8,-0.00816,-0.199,-0.36
24.9,-0.338,0.21,0.389
25.1,0.491,-0.103,-0.198
25.2,-0.384,-0.0568,-0.108
25.4,0.0404,0.191,0.351
25.5,0.291,-0.206,-0.402
25.7,-0.496,0.118,0.22
25.8,0.37,0.0558,0.076
26,-0.0849,-0.178,-0.337
26.1,-0.305,0.223,0.398
26.3,0.475,-0.121,-0.241
26.4,-0.422,-0.0283,-0.0593
26.6,0.107,0.176,0.324
26.7,0.261,-0.216,-0.407
26.9,-0.455,0.13,0.266
27,0.445,0.014,0.0342
27.2,-0.0889,-0.183,-0.297
27.3,-0.188,0.2,0.415
27.5,0.535,-0.173,-0.267
27.6,-0.377,-0.0337,0.00254
27.8,0.235,0.126,0.303
27.9,0.28,-0.253,-0.396
28.1,-0.364,0.111,0.318
28.2,0.508,-0.034,-0.0126
28.4,-0.223,-0.136,-0.287
28.5,-0.366,0.292,0.359
28.7,0.142,-0.0483,-0.372
28.8,-0.897,0.188,-0.038
29,-0.259,0.344,0.157
29.1,-0.399,0.0836,-0.551
29.3,-1.08,0.529,0.165
29.5,0.742,-0.226,0.115
29.6,2.87,-1.79,0.797
29.8,3.86,-1.57,1.25
29.9,-1.63,1.29,-1.7
30.1,-7.87,3.53,-1.98
30.2,-1.17,0.173,1.27
30.4,6.81,-3.36,2.19
30.5,4.05,-1.2,-0.0883
30.7,-1.04,0.658,-2.15
30.8,-4.35,1.14,-0.491
31,-5.43,2.46,0.632
31.1,0.478,-0.142,0.397
31.3,10.3,-4.55,2.52
31.4,7.21,-2.32,0.153
31.6,-11.2,4.83,-4.86
31.7,-15.5,5.65,-1.98
31.9,1.15,-0.884,3.29
32,12.8,-4.56,3.64
32.2,10.5,-3.5,0.0322
32.3,-1.07,-0.248,-3.36
32.5,-9.73,2.77,-1.17
32.6,-4.35,1.45,2.31
32.8,1.58,0.478,1.02
32.9,2.01,1.5,-1.42
33.1,4.78,-2.21,-0.413
33.2,4.44,-5.34,2.02
33.4,-1.66,-0.559,-0.4
33.5,-7.55,5.73,-3.32
33.7,-6.47,5.07,0.258
33.8,1.19,-1.18,2.6
34,3.2,-3.02,-0.567
34.1,-0.35,0.412,-2.97
34.3,0.701,-0.125,-0.335
34.4,6.1,-3.75,5.22
34.6,7.25,-3.02,3.47
34.7,-2.16,2.59,-4.37
34.9,-9.39,4.64,-3.75
35,-1.51,-1.66,3.06
35.2,8,-4.91,3.53
35.3,3.31,2.35,-3.27
35.5,-13.5,9.05,-7.53
35.6,-17.7,3.91,-0.563
35.8,6.96,-8.51,8.68
35.9,26.7,-11.2,6.26
36.1,11.9,-0.0161,-3.95
36.2,-13.7,8.12,-7.3
36.4,-21,7.21,-0.017
36.6,-6.45,2.4,4.4
36.7,13.3,-5.92,0.865
36.9,17,-8.84,-0.841
37,1.33,-0.0414,-1.28
37.2,-12.9,6.9,-1.47
37.3,-5.34,1.57,2.51
37.5,7.46,-4.59,2.68
37.6,1.73,-0.398,-2.47
37.8,-5.2,3.72,-2.76
37.9,-0.589,-0.00169,1.48
38.1,-0.913,-2.01,2.08
38.2,-7.22,1.38,-2.57
38.4,-2.75,3.68,-2.86
38.5,13.1,0.162,3.05
38.7,15.7,-6.31,4.09
38.8,-4.33,-3.87,-0.737
39,-18.1,6.65,-4.67
39.1,-8.26,7.47,-2.37
39.3,7.73,-2.8,3.82
39.4,10.6,-7.89,2.41
39.6,0.763,-2.77,-1.89
39.7,-2.63,0.975,1.83
39.9,7.7,-3.66,5.82
40,10.7,-4.41,1.35
40.2,-7.69,7.64,-9.27
40.3,-28.8,17.3,-11.5
40.5,-19.6,7.63,2.29
40.6,17.5,-12.5,11
40.8,33.9,-16.6,2.58
40.9,7.2,0.0863,-5.48
41.1,-25.5,12,-1.66
41.2,-23.8,6.12,4.39
41.4,9.51,-6.38,2.66
41.5,34.5,-11.7,0.14
41.7,16.7,-2.57,-0.527
41.8,-25.6,9.77,-4.75
42,-33.5,8.3,-3.44
42.1,5.47,-3.63,4.39
42.3,31.5,-10.4,5.35
42.4,13.6,-2.72,-0.836
42.6,-13.3,10,-6.35
42.7,-25.1,11.5,-4.29
42.9,-17.4,0.938,3.55
43,8.33,-8.41,4.09
43.2,23.3,-5.4,-2.73
43.3,12.9,0.655,-4.07
43.5,1.06,-3.92,4.49
43.6,-2.39,-8.73,12.2
43.8,-6.26,0.584,3.52
44,-12.2,16.9,-14.2
44.1,-12.8,16.8,-14.4
44.3,1.42,-6.55,3.96
44.4,21,-23.4,13.9
44.6,19.5,-11.7,3.87
44.7,-9.19,10.9,-7.98
44.9,-29.2,19.4,-4.15
45,-9.59,5.16,6.24
45.2,19,-13.8,6.5
45.3,17.1,-12.2,-4.29
45.5,-2.62,4.63,-12.3
45.6,-8.77,13.2,-4.05
45.8,2.06,5.5,9.96
45.9,0.959,-5.58,9.24
46.1,-18.8,-5.46,-3.91
46.2,-15.7,-0.247,-10
46.4,22.7,-3.08,2.24
46.5,45.5,-9.85,16
46.7,14,-6.81,7.71
46.8,-33.5,6.37,-11.6
47,-43.5,16,-17.3
47.1,-19.5,14.1,-5.69
47.3,14.5,0.215,10.2
47.4,34.8,-15.3,11.4
47.6,19.8,-10.3,-3
47.7,-13.2,10.2,-11.9
47.9,-24.2,11.6,-3.7
48,4.68,-12.9,12.9
48.2,39.8,-26.6,19.2
48.3,17.8,-1.79,2.84
48.5,-47.1,31.9,-21.6
48.6,-59.6,26.4,-22.7
48.8,2.24,-9.58,5.32
48.9,58,-28,24.5
49.1,44,-11.1,6.96
49.2,-12.2,11,-14.3
49.4,-35.8,5.96,-7.04
49.5,-12,-6.69,5.23
49.7,7.95,5.89,-0.478
49.8,-3.44,21.3,-6.13
50,-16,5.76,4.21
50.1,9.87,-28.6,15
50.3,46.8,-39.2,8.76
50.4,29.4,-0.388,-10.4
50.6,-34.9,45.4,-23.6
50.7,-67.5,37.2,-10.5
50.9,-28.1,-5.96,16.8
51,31.2,-26,20.1
51.2,50,-18.8,0.581
51.4,33.6,-11.6,-9.58
51.5,4.4,-2.01,-4.49
51.7,-24.4,18.5,1.44
51.8,-33.3,28.9,-1.72
52,-18.9,17.3,-10.1
52.1,-0.991,-3.08,-9.87
52.3,11.2,-29.9,7.11
52.4,27,-48.1,26.6
52.6,28.7,-24.7,18.2
52.7,-14.8,23.2,-9.61
52.9,-62.4,44,-18
53,-38.5,24.5,-8.96
53.2,45.3,-2.68,-1.78
53.3,89.6,-7.53,0.806
53.5,31.1,-2.52,-0.0894
53.6,-63.9,-6.85,1.19
53.8,-81.9,-7.34,3.7
53.9,-10.9,1.24,2.31
54.1,55.7,4.67,-1.17
54.2,46.1,5.12,-7.41
54.4,-6.22,7.31,-9.84
54.5,-25.3,-8.97,6.52
54.7,-4.55,-45.2,35.9
54.8,15.8,-50.9,39.5
55,22.7,5.29,-10.2
55.1,2.23,73.2,-66
55.3,-49.2,83.4,-52.2
55.4,-67.7,32.9,11.9
55.6,-5.68,-32.9,45.4
55.7,67,-69.7,24.6
55.9,50.1,-56,-7.39
56,-15.2,-7.77,-8.4
56.2,-10.6,34.7,6.02
56.3,28.8,40.9,-0.345
56.5,-7.08,13.7,-16.3
56.6,-57.8,-18.7,-4.65
56.8,-15.9,-27.3,25
56.9,50.6,-7.16,19.4
57.1,43.7,8.77,-15.4
57.2,-5.41,-1.28,-23.5
57.4,-37.6,-12.9,-5.58
57.5,-36.2,6.41,7.43
57.7,-0.968,38.4,11.1
57.8,23.4,27.9,-1.14
58,-1.34,-6.61,-21.1
58.1,-19,-8.35,-12.3
58.3,10.9,-6.39,26.7
58.4,34.4,-31,41
58.6,13.3,-35,-2.01
58.8,-20.6,4.09,-50.4
58.9,-21.8,30.1,-33.7
59.1,5.43,7.13,28.2
59.2,13.5,-13.2,52.8
59.4,-12.8,7.8,15.5
59.5,-28,29.5,-29.2
59.7,6.03,20.5,-40.7
59.8,53.5,-7.77,-21.1
60,39.7,-37.3,17.7
60.1,-34.1,-39.3,46.3
60.3,-62.4,-5.73,31
60.4,2.23,27,-21.7
60.6,43.2,32.9,-63.9
60.7,-15.6,20.9,-44.8
60.9,-48.9,-4.37,32.4
61,25.2,-33,85.4
61.2,69.4,-22.8,41.2
61.3,-6.58,17.3,-47.6
61.5,-72.1,20,-67.6
61.6,-16,-10.8,-4.48
61.8,69.8,-18.6,46.2
61.9,49.2,1.25,27.5
62.1,-47.2,25.9,-14.8
62.2,-75.6,36.4,-35.3
62.4,-2.84,1.15,-25.7
62.5,53.8,-56.8,12.3
62.7,21.7,-46.4,35.7
62.8,-23.2,23.9,8.27
63,-2.59,45,-23.2
63.1,38.6,11.8,-6.09
63.3,21.7,-13.2,34.4
63.4,-37.3,-34.9,43.1
63.6,-60.2,-29.3,-7.93
63.7,-12.3,38.7,-81.1
63.9,56.1,70.1,-70.8
64,53,3.48,40.9
64.2,-20.5,-51.2,105
64.3,-60.6,-27.6,30.1
64.5,-33.9,13.2,-70.9
64.6,19.2,9.86,-69.2
64.8,68.9,-23.6,10.8
64.9,65.9,-24.4,64.5
65.1,-22,13,39.9
65.2,-106,29.8,-18.8
65.4,-73.4,9.61,-40.3
65.5,33.6,1.65,-15.6
65.7,98.2,42.3,-6.43
65.9,63.5,63.6,-29.5
66,-38.9,-27.8,1.89
66.2,-94.1,-140,82.8
66.3,-34,-90.6,69.1
66.5,77.8,71.6,-43.8
66.6,108,117,-81.2
66.8,4.79,4.54,1.21
66.9,-102,-88.7,42.1
67.1,-86.9,-56.8,-27.4
67.2,-20.2,49,-61.8
67.4,20,120,24.9
67.5,61.5,66,107
67.7,88.6,-87.4,68.8
67.8,40.1,-166,-48.6
68,-59.3,-64.6,-122
68.1,-105,102,-60
68.3,-47.6,171,57.2
68.4,61.5,99.2,73.4
68.6,128,-42.8,-3.89
68.7,50.1,-138,-50.5
68.9,-130,-123,-18.5
69,-174,-20.9,26
69.2,1.51,88.4,22.4
69.3,177,129,-1.91
69.5,147,87.5,-1.9
69.6,-34.1,-8.39,6.44
69.8,-163,-129,-9.43
69.9,-127,-181,-9.32
70.1,12.7,-108,53.4
70.2,148,-7.92,94.9
70.4,181,51.3,13.7
70.5,55.8,130,-114
70.7,-115,213,-131
70.8,-168,174,-33.3
71,-99.2,-8.55,42.7
71.1,8.48,-171,42.4
71.3,72.6,-181,22.1
71.4,45.7,-93.2,37.6
71.6,-1.15,7.13,56.3
71.7,28.5,93.3,-3.29
71.9,74.2,98.5,-75.5
72,26.6,11.9,-30.5
72.2,-70.6,-38.6,42.3
72.3,-88.9,-3.09,-7.53
72.5,-17.6,-18.5,-65.8
72.6,37.3,-107,16.9
72.8,35.2,-50.4,103
72.9,21.2,161,47.7
73.1,13.4,204,-53.5
73.3,-7.46,-22.8,-75.1
73.4,-34,-242,-10.5
73.6,-18.3,-192,49.1
73.7,51.5,85.3,-1.78
73.9,69.3,254,-90.6
74,-32.5,113,-30.1
74.2,-122,-139,140
74.3,-84.4,-196,167
74.5,29.1,-13.2,-30.6
74.6,107,140,-197
74.8,67.7,72.1,-101
74.9,-51.1,-55.8,86.5
75.1,-75.9,-61.6,96.5
75.2,70.1,7.51,-28.7
75.4,161,41.2,-84.4
75.5,8.3,18.6,-1.71
75.7,-174,16.7,88.3
75.8,-146,58.4,42.7
76,-8.79,37.3,-66.6
76.1,79.7,-72.9,-77.5
76.3,93.5,-155,19.5
76.4,48,-93,96.1
76.6,-2.64,86.6,65.8
76.7,-7.77,156,-14.9
76.9,-9.44,32.9,-84.3
77,-61.7,-53.8,-120
77.2,-89.4,-23.8,-29.7
77.3,-5.01,-13.3,153
77.5,95.2,-37,182
77.6,91.7,-23.6,-16.8
77.8,18.9,7.18,-187
77.9,-60.7,34.8,-131
78.1,-86.9,65.8,39.7
78.2,-12.8,30.5,122
78.4,55.2,-32.4,49.9
78.5,11.1,21.2,-60.8
78.7,-43.7,75.4,-44.3
78.8,-5.61,-69.9,49.6
79,57.2,-217,43
79.1,73.2,-50.2,-78
79.3,54.1,222,-149
79.4,9.67,154,-8.97
79.6,-66.7,-160,235
79.7,-132,-292,265
79.9,-109,-133,28.3
80,-10.3,110,-209
80.2,40.8,258,-237
80.3,-29,301,-104
80.5,-72.7,279,-21
80.7,83.3,143,-42.8
80.8,302,-148,35.5
81,310,-430,256
81.1,39.2,-470,294
81.3,-294,-244,-2.91
81.4,-363,61.5,-297
81.6,-126,252,-235
81.7,137,234,94.6
81.9,201,81.9,277
82,56.5,-0.837,106
82.2,-132,42.1,-150
82.3,-162,70.4,-173
82.5,-46.7,57.9,-48.4
82.6,44.1,80,-15.2
82.8,95.8,20,-6.24
82.9,161,-168,91.1
83.1,136,-235,110
83.2,-26.6,-68.7,-11.1
83.4,-136,145,-105
83.5,-89.2,120,-61.2
83.7,-23.8,-166,95.8
83.8,32.8,-260,176
84,127,47.3,11
84.1,103,309,-223
84.3,-83.1,210,-198
84.4,-168,-2.58,67.3
84.6,-52.5,-111,249
84.7,52.1,-183,186
84.9,28.2,-150,11.8
85,-45.8,108,-173
85.2,-77.7,325,-287
85.3,-14.6,151,-138
85.5,96.5,-209,199
85.6,118,-285,342
85.8,46,-96.4,119
85.9,24.6,45.7,-256
86.1,71.1,99.1,-382
86.2,5.69,127,-46
86.4,-223,49.6,378
86.5,-307,-101,314
86.7,-12.1,-83.3,-137
86.8,353,123,-327
87,366,195,-70.7
87.1,95.6,-16.3,165
87.3,-154,-273,102
87.4,-308,-289,-22.9
87.6,-372,-16,-9.8
87.8,-273,303,16.7
87.9,5.16,371,-57.6
88.1,368,126,-76.5
88.2,591,-229,88.2
88.4,372,-321,135
88.5,-209,-72.1,-151
88.7,-511,96.5,-252
88.8,-239,34.1,147
89,113,69.5,354
89.1,148,172,-28.9
89.3,36,2.8,-343
89.4,29.7,-293,-121
89.6,43,-303,244
89.7,-87.8,-10.7,268
89.9,-174,302,-42.1
90,-3.25,409,-282
90.2,152,236,-195
90.3,46.9,-113,45.4
90.5,-57.5,-397,224
90.6,5.22,-373,233
90.8,24,-18.6,19.1
90.9,-62.7,340,-231
91.1,-67.2,334,-244
91.2,101,-24.6,-22.8
91.4,248,-338,171
91.5,83.8,-261,172
91.7,-267,81.3,44.5
91.8,-325,276,-92.1
92,-23.3,184,-137
92.1,205,-14.4,-56.7
92.3,168,-164,70.3
92.4,49.8,-170,156
92.6,-55,-31,161
92.7,-168,116,10.1
92.9,-130,193,-278
93,184,147,-356
93.2,404,-62.3,-41.6
93.3,124,-273,271
93.5,-346,-261,256
93.6,-430,-44.4,94.1
93.8,-122,145,31.3
93.9,186,186,-0.091
94.1,278,127,-132
94.2,188,19.9,-204
94.4,22.8,-32.6,-62.1
94.5,-152,19.2,88.1
94.7,-280,17.6,41.9
94.8,-203,-75,-30.4
95,100,-56,9.07
95.2,294,70.8,-6.33
95.3,178,19.8,-37.3
95.5,-23.7,-215,86.1
95.6,-101,-222,136
95.8,-71.4,101,-13.5
95.9,-15.5,342,-83.4
96.1,-7.01,224,-7.47
96.2,-19,-137,9.49
96.4,38.4,-361,-59.2
96.5,84.6,-163,-81.9
96.7,-6.01,221,-30.1
96.8,-130,330,71.5
97,-101,23,209
97.1,58.3,-298,194
97.3,158,-159,-70.8
97.4,96.9,214,-294
97.6,-31.1,296,-286
97.7,-34.8,23.6,-118
97.9,35.9,-265,179
98,-120,-243,382
98.2,-391,-22.4,227
98.3,-251,69.9,-108
98.5,262,48,-284
98.6,530,69.1,-194
98.8,339,136,65.4
98.9,-32.3,114,242
99.1,-326,-77.2,158
99.2,-354,-199,-78.3
99.4,-83.1,-69.9,-208
99.5,198,70.4,-88.5
99.7,236,41.2,115
99.8,83.3,13.4,59.9
100,-74.8,60,-163
100,-109,15.9,-77.4
100,-77,-63,225
100,-63.6,-32.1,254
101,-24.1,-28.3,-7.35
101,54.7,-72,-300
101,30.1,43.2,-352
101,-129,243,27.2
101,-127,169,473
101,159,-224,390
101,364,-431,-106
102,220,-107,-393
102,-96.1,380,-275
102,-298,416,-47.5
102,-231,-33.3,93.1
102,16.2,-339,159
102,79.3,-219,190
103,-66,-32,165
103,-15.5,69.4,-34.5
103,163,192,-295
103,119,296,-293
103,-15.4,204,-40.2
103,-39.1,-182,228
103,4.9,-498,358
104,47.4,-299,188
104,-62.3,122,-150
104,-213,248,-237
104,-56.9,144,-76.4
104,201,35.2,-17.6
104,141,-29.5,-49.8
105,-142,26.6,32.5
105,-233,146,105
105,71.3,91.2,27.1
105,356,-192,-13.8
105,178,-388,35.3
105,-138,-165,-33.7
105,-177,279,-160
106,-83.8,407,-57.9
106,-62.2,102,207
106,-30.3,-235,281
106,61.9,-230,-15
106,50.3,23,-424
106,-77.3,119,-393
106,-103,-75,144
107,92,-199,540
107,280,29.8,351
107,118,310,-133
107,-189,218,-281
107,-194,-114,-57.9
107,1.19,-266,-66.2
108,106,-115,-246
108,111,130,-5.7
108,-6.82,158,364
108,-254,-83.9,225
108,-224,-231,-119
108,302,0.671,-179
108,598,346,-153
109,2.33,311,-189
109,-778,-115,-38.4
109,-578,-398,328
109,407,-211,466
109,865,132,3.34
109,275,164,-522
109,-527,-45.8,-292
110,-646,-85.6,316
110,-121,-36.1,446
110,418,-91.1,93.6
110,443,114,-323
110,-5.44,515,-455
110,-316,316,-109
111,-151,-453,349
111,89.9,-734,364
111,58.5,-123,-19.4
111,-13.8,509,-262
111,154,352,-118
111,257,-140,37.4
111,-77.7,-116,-69.5
112,-365,190,-141
112,-94.9,27.2,64.2
112,157,-365,317
112,-79.5,-235,276
112,-243,255,-86.7
112,-25.8,388,-398
113,252,34.8,-248
113,410,-286,212
113,213,-181,391
113,-310,44.6,182
113,-455,14.2,-17.8
113,-74.3,-40.4,-161
113,156,113,-325
114,129,213,-239
114,179,62.2,49.8
114,132,-117,81.3
114,-97.7,-168,-107
114,-117,-139,-44.2
114,39.4,52.5,271
114,-40,272,354
115,-306,92.1,77.4
115,-270,-351,-130
115,278,-324,-75.2
115,625,272,-82.4
115,108,600,-286
115,-529,216,-260
116,-367,-342,232
116,121,-464,551
116,168,-254,227
116,71.9,-98.4,-179
116,313,85.1,-248
116,405,377,-231
116,-154,372,-235
117,-683,-40,-134
117,-431,-304,157
117,133,-33.1,427
117,330,332,258
117,203,157,-168
117,7.28,-334,-223
118,-37.2,-403,65.3
118,128,2.8,155
118,155,294,-68.3
118,-171,175,-241
118,-370,-116,-140
118,-91.2,-172,47.8
118,189,58.6,140
119,76.3,142,198
119,-58.4,-87.9,168
119,172,-220,-46.3
119,337,-23.7,-213
119,-78.5,233,-102
119,-517,260,79.7
119,-252,63.6,-10.5
120,298,-174,-204
120,389,-252,-50.2
120,-33,-63.6,270
120,-437,215,244
120,-220,210,-66.9
120,361,-104,-231
121,444,-263,-88.4
121,65.2,-89.6,119
121,-167,45.1,143
121,-196,70,9.38
121,-147,258,-205
121,-124,365,-347
121,-237,-21.9,-79.5
122,-145,-608,521
122,319,-675,726
122,552,-32.9,115
122,188,640,-680
122,-253,620,-754
122,-173,91.8,-187
122,236,-224,268
123,223,-133,430
123,-348,-87.6,433
123,-616,-226,159
123,-153,-185,-202
123,347,43,-290
123,332,190,-249
124,-7.75,235,-221
124,-187,217,3.02
124,78,61.2,362
124,302,-263,397
124,-46.5,-535,38.6
124,-366,-365,-245
124,-77.5,258,-240
125,251,663,-107
125,184,373,105
125,-19.5,-144,281
125,-186,-338,76.7
125,-285,-256,-341
125,-216,-123,-212
126,215,3.87,380
126,817,196,386
126,680,286,-262
126,-403,61.3,-472
126,-1050,-135,-12.2
126,-322,-47,267
126,635,22.5,29.6
127,363,30.7,-234
127,-671,129,-106
127,-812,119,186
127,133,-88.9,213
127,627,-271,43
127,107,-367,-52.8
127,-260,-382,-14.8
128,176,-146,120
128,710,291,208
128,632,524,185
128,131,351,95.1
128,-280,54.7,-224
128,-487,42.5,-715
129,-507,338,-764
129,-295,366,-99.9
129,-4.13,-337,652
129,79.8,-1010,717
129,-57.1,-573,90.3
129,-110,420,-392
129,-98.8,553,-45.1
130,-154,-242,604
130,69.6,-660,531
130,574,-62.7,-186
130,714,630,-761
130,317,632,-862
130,-160,298,-404
130,-437,-11.9,452
131,-450,-325,968
131,-188,-473,646
131,72.1,-208,-80.4
131,122,182,-510
131,81.7,137,-463
131,54.6,-130,-228
132,23.2,19.5,-46.5
132,-122,302,169
132,-344,9.92,462
132,-209,-513,510
132,340,-384,36.8
132,607,225,-611
132,299,513,-756
133,-143,415,-311
133,-452,219,260
133,-652,-130,650
133,-584,-518,663
133,86,-575,246
133,1140,-239,-243
134,1470,223,-403
134,463,536,-312
134,-914,549,-272
134,-1360,212,-192
134,-737,-257,138
134,84.9,-432,396
134,343,-315,282
135,138,-200,17.3
135,89.1,-11.3,-143
135,370,265,-81.2
135,460,236,112
135,100,-91.1,76.7
135,-154,-93.2,-234
135,-74.3,348,-382
136,-141,430,-79.5
136,-386,-235,410
136,-318,-783,554
136,167,-376,105
136,520,505,-542
136,327,747,-676
137,-141,169,-78.1
137,-488,-338,573
137,-484,-273,473
137,-22.3,-193,-80.6
137,565,-350,-248
137,641,-110,5.78
137,31.5,439,216
138,-533,373,160
138,-297,-142,-139
138,298,-142,-413
138,251,232,-313
138,-332,201,60.7
138,-392,-159,311
138,222,-235,267
139,386,-2.77,22.9
139,-211,35.1,-202
139,-403,-162,-221
139,210,-149,-46.7
139,519,185,114
139,-69.7,444,191
140,-611,202,272
140,-79.6,-370,223
140,865,-600,-61.9
140,733,-194,-347
140,-429,434,-410
140,-1110,593,-138
140,-567,50.5,307
141,315,-471,317
141,604,-214,-208
141,356,321,-444
141,-4.03,274,10.7
141,-209,-170,483
141,-192,-341,356
142,-91.8,-95.7,-93.9
142,-67.2,167,-325
142,22.4,113,-183
142,334,-81.3,269
142,508,-45.8,561
142,127,182,41.8
142,-505,230,-789
143,-720,16.6,-772
143,-378,-223,58.8
143,159,-375,722
143,519,-261,629
143,458,200,50
143,68.3,502,-340
143,-140,274,-310
144,36.8,-150,-144
144,187,-336,-46.9
144,-17.9,-197,59.1
144,-427,118,238
144,-497,295,271
144,8.74,156,-4.71
145,413,-96.4,-234
145,174,-289,-88.5
145,-201,-333,117
145,-97.5,-23.1,15.7
145,308,357,-178
145,455,261,-180
145,53,-26.3,-91.5
146,-607,41,15.8
146,-740,106,234
146,2.19,-262,456
146,736,-507,385
146,509,-99.6,-113
146,-168,460,-731
147,-335,504,-749
147,-105,85.4,65.4
147,17.2,-321,803
147,75.6,-397,642
147,206,-167,-49.5
147,133,122,-433
147,-248,262,-311
148,-392,239,-123
148,-10.1,102,-28.9
148,331,-70.1,134
148,207,-136,201
148,-137,-159,86.7
148,-323,-207,-31
148,-144,-123,-191
149,222,62.4,-256
149,358,178,102
149,195,164,513
149,-1.58,53.9,331
149,-140,7.82,-211
149,-333,41.3,-436
150,-345,15.3,-283
150,113,-70.4,-16.7
150,536,-95.5,256
150,268,9.57,273
150,-358,128,-103
150,-496,94.9,-369
150,-57.7,-135,-63.4
151,293,-420,437
151,200,-384,468
151,-47.4,160,-4.92
151,-79.3,667,-422
151,86.2,487,-399
151,175,-125,-127
151,37.9,-415,59.4
152,-155,-210,168
152,-79.4,27.2,256
152,190,21.9,173
152,173,18,-40.3
152,-182,166,-174
152,-426,198,-169
153,-372,-89.6,-22.1
153,-73,-411,158
153,401,-298,112
153,600,197,-95.4
153,147,487,-77.5
153,-415,257,136
153,-327,-195,106
154,246,-413,-168
154,476,-252,-202
154,58.4,129,65
154,-367,474,153
154,-301,477,-1.61
154,-36.5,-38.2,-5.83
155,98.6,-590,81.5
155,110,-426,-104
155,32.4,146,-346
155,-80,181,-175
155,-114,-150,280
155,-52,-98,584
155,25.5,167,438
156,71.1,222,-216
156,116,160,-736
156,240,57.6,-360
156,249,-117,371
156,-143,-237,367
156,-523,-153,-165
156,-261,110,-308
157,358,272,31.6
157,492,168,291
157,-7.14,-9.75,113
157,-440,-107,-260
157,-374,-222,-243
157,-110,-364,239
158,122,-256,510
158,414,213,105
158,457,535,-448
158,-73.3,259,-435
158,-538,-208,-21.3
158,-200,-289,232
158,418,-29,190
159,359,192,126
159,-170,142,165
159,-329,-21.1,-11.3
159,-60.6,-7.45,-400
159,92.8,35.5,-367
159,-67.5,-197,220
159,-160,-337,527
160,108,92.9,-4.86
160,274,468,-627
160,-5.41,96.1,-324
160,-168,-393,501
160,-2.9,-264,618
160,-12.3,135,-75.6
161,-152,244,-522
161,19.3,76,-167
161,353,-129,412
161,325,-182,433
161,-119,42.7,-110
161,-434,344,-560
161,-229,309,-497
162,181,-47.5,-61.7
162,269,-325,473
162,19.7,-346,734
162,-185,-166,314
162,-117,56.3,-447
162,39.3,165,-679
163,43,206,-288
163,-25.8,197,116
163,-60.9,36.5,223
163,-60.2,-228,167
163,115,-383,124
163,366,-126,128
163,230,485,169
164,-244,686,149
164,-441,35.7,-97.5
164,-183,-742,-398
164,128,-752,-337
164,207,9.06,-9.13
164,101,757,110
164,-85.5,651,60.2
165,-130,-203,156
165,101,-640,179
165,216,-197,-67
165,22.8,177,-151
165,-55.2,34.9,80.6
165,31,59.7,136
166,-109,413,-85.2
166,-307,357,-159
166,-99,-279,-9.95
166,264,-688,63.5
166,168,-352,-17.5
166,-203,292,-69.5
166,-153,531,31.2
167,238,222,172
167,268,-187,155
167,-156,-311,3.99
167,-350,-171,-124
167,72.3,92.3,-201
167,528,287,-202
167,353,168,11.1
168,-193,-122,320
168,-508,-176,283
168,-480,-47.1,-98.9
168,-208,-49.5,-333
168,182,-51.2,-291
168,376,158,-84.6
169,297,290,264
169,186,41.4,461
169,72.4,-348,260
169,-176,-385,-112
169,-382,14.8,-309
169,-203,364,-168
169,128,319,71.9
170,127,115,-23.4
170,79,-35.8,-290
170,321,-211,-175
170,329,-350,271
170,-208,-261,523
170,-663,37.2,323
171,-489,312,-201
171,73.4,365,-622
171,474,207,-495
171,433,-21.9,135
171,110,-285,676
171,-117,-495,550
171,-178,-305,-141
172,-217,278,-591
172,-117,573,-313
172,178,247,211
172,276,-202,322
172,-42.5,-348,10.6
172,-290,-211,-240
172,-62.5,97.2,-119
173,256,366,106
173,211,284,98.2
173,-92.2,-164,28.8
173,-290,-494,82.3
173,-124,-213,39.4
173,221,391,-154
174,184,500,-199
174,-202,-14.3,-12.7
174,-235,-457,155
174,73,-381,112
174,113,-48.7,3.84
174,12.7,158,65.6
174,165,246,127
175,306,276,-92.7
175,87.7,111,-325
175,-259,-167,-162
175,-368,-289,185
175,-237,-155,264
175,-10.5,92.1,65.6
176,157,190,-107
176,163,149,-98.6
176,106,151,-48.9
176,67,31,-39.6
176,4.09,-277,41.4
176,-42.6,-365,144
176,-16.9,-36.8,57
177,31.8,289,-191
177,58.7,166,-259
177,8.58,-192,43.9
177,-162,-213,367
177,-268,126,270
177,-88.2,287,-130
177,202,111,-340
178,264,-11.6,-139
178,144,21.8,167
178,44,-93.1,245
178,-96.5,-348,104
178,-310,-314,-123
178,-304,106,-221
179,85.4,419,-83.9
179,425,299,76.3
179,238,-11.7,57.8
179,-225,-159,-136
179,-305,-144,-221
179,73.6,-160,85.1
179,313,-103,405
180,109,183,228
180,-212,315,-115
180,-278,-72.9,-86
180,-89.3,-439,113
180,104,-144,1.32
180,157,368,-312
180,144,348,-306
181,149,-27.3,16
181,9.84,-180,175
181,-301,-136,153
181,-268,-83.3,158
181,247,78.6,78
181,393,187,-131
182,-232,10.4,-224
182,-683,-141,-60.2
182,-208,-41.7,157
182,521,-5.38,159
182,616,-148,-23.4
182,213,-127,-116
182,-114,145,4.4
183,-194,249,159
183,-268,30.8,127
183,-377,-115,-101
183,-137,12,-316
183,386,154,-286
183,506,73.7,29.9
184,95.7,-126,381
184,-288,-157,360
184,-340,34.6,-96.7
184,-258,132,-420
184,-179,-88.5,-107
184,131,-335,402
184,516,-217,375
185,380,212,-104
185,-83.8,506,-433
185,-181,281,-303
185,-23,-206,22.2
185,-24,-291,111
185,-99.4,50.9,12.3
185,-133,155,69.3
186,-135,-196,266
186,-45.9,-400,267
186,144,-71.4,7.23
186,361,354,-247
186,284,386,-297
186,-264,86.5,-98
187,-598,-165,186
187,-187,-148,174
187,327,-24.8,-181
187,344,-65.9,-324
187,124,-158,26.9
187,-38.4,-32.2,365
187,-166,158,282
188,-238,176,-0.255
188,-113,127,-118
188,220,50.2,-28.7
188,365,-105,-44.8
188,26.5,-183,-260
188,-271,-149,-205
188,-43,-127,187
189,189,-7.33,264
189,-33.5,224,-35.5
189,-280,280,-120
189,-157,86.7,69.9
189,108,-99.7,146
189,163,-126,-37.3
190,31.1,-115,-199
190,-82.3,-78.5,-76.4
190,-106,97.6,84.6
190,2.31,194,63.6
190,206,-32.2,71.4
190,264,-315,162
190,57.3,-228,102
191,-191,192,-134
191,-204,441,-315
191,-23.4,232,-292
191,39.9,-184,-38.3
191,-99.3,-424,335
191,-105,-201,399
192,152,329,7.77
192,275,422,-274
192,47.7,-102,-132
192,-200,-455,98.7
192,-200,-239,196
192,-91.9,118,127
192,24.6,283,-141
193,180,253,-351
193,177,41.1,-193
193,-36.9,-184,145
193,-73.5,-184,248
193,122,-87.7,113
193,73.5,-50.9,-14.3
193,-233,84.2,-96.2
194,-229,258,-92.3
194,106,138,108
194,219,-157,236
194,55.2,-142,-32.2
194,-54.3,129,-377
194,-79.6,141,-239
195,-78.6,-139,230
195,-13.5,-299,401
195,34.1,-147,118
195,-12,103,-268
195,-71.4,182,-386
195,-22.2,124,-89.6
195,148,110,267
196,219,126,208
196,-0.459,8.65,-31.8
196,-215,-253,11.8
196,-71.3,-397,169
196,159,-169,104
196,76.3,247,-127
196,-158,428,-312
197,-174,271,-283
197,98.2,-48.9,-12.3
197,299,-269,193
197,2.14,-181,74.1
197,-448,54.1,-79
197,-289,57,109
198,277,-173,453
198,430,-231,427
198,98.8,56.6,-125
198,-177,336,-657
198,-137,253,-539
198,43.8,-39.2,72.8
198,77.6,-161,372
199,-94.2,-46.9,40.3
199,-174,17.9,-229
199,-4.66,-117,92.9
199,162,-207,403
199,155,-10.5,135
199,61.6,281,-216
200,-44.1,267,-157
200,-122,-17.5,1.14
200,-172,-115,-57.8
200,-182,22.9,-137
200,-20.1,-48.5,5.43
200,198,-343,267
200,182,-326,329
201,140,115,39.5
201,215,481,-348
201,-21.2,432,-438
201,-470,61.6,-142
201,-398,-298,252
201,193,-361,396
201,507,-140,218
202,227,114,-38.8
202,-206,132,-165
202,-407,-3.87,-223
202,-303,9.77,-259
202,77.2,60.4,-93
202,443,-38.8,210
203,407,-27.6,263
203,8.39,158,84.8
203,-335,132,-6.03
203,-361,-203,-26.2
203,-176,-354,-53.1
203,66.3,3.81,-13.7
203,274,373,3.02
204,276,188,-60.1
204,70.1,-220,-60
204,-109,-237,36.1
204,-171,40.4,116
204,-126,165,50.2
204,35.1,60.1,-109
204,112,-54,-109
205,10,24.1,-23.3
205,-0.73,121,-59.2
205,125,-75.1,-14.1
205,22,-279,138
205,-290,-88.5,120
205,-249,207,19.1
206,229,195,11
206,492,-13.1,-5.79
206,152,-104,-64.9
206,-386,-34.6,-52.7
206,-515,43,17.4
206,-173,65.5,58.1
206,214,7.58,61.5
207,357,-119,-16.1
207,296,-164,-174
207,99.4,-19.9,-232
207,-194,205,-55.1
207,-344,227,256
207,-133,-82,377
208,180,-301,87.1
208,242,-32,-296
208,109,297,-246
208,-65,166,129
208,-169,-157,225
208,-119,-224,-67.2
208,-29.9,-59.1,-272
209,-15.5,51.8,-112
209,10.5,24.1,182
209,61.3,11.4,275
209,4.66,42.6,90.5
209,-94.8,61.8,-203
209,13.4,137,-312
209,270,177,-51.8
210,308,-27.9,323
210,-4.73,-298,303
210,-388,-247,-126
210,-410,48.4,-360
210,36.4,124,-95.4
210,448,-81.3,252
211,297,-84.5,241
211,-208,242,-60.9
211,-474,377,-276
211,-294,14.4,-186
211,111,-451,61.7
211,422,-449,217
211,432,4.9,212
212,173,382,113
212,-168,404,-63.7
212,-415,175,-301
212,-416,-124,-344
212,-68.6,-304,-0.954
212,358,-277,367
213,387,-68.2,303
213,57.1,195,-47.2
213,-169,266,-257
213,-149,89,-221
213,-119,-113,11.3
213,-136,-187,303
213,10.6,-130,316
214,253,14.7,-30.8
214,261,104,-357
214,16.1,42.4,-315
214,-162,-18.4,19.2
214,-132,13.1,294
214,-69.7,18.7,231
214,-48.5,21.4,-119
215,22.9,88.6,-335
215,73.3,82.4,-99.2
215,19.5,-36.2,282
215,-15.8,-117,262
215,12.9,-78.2,-85.9
215,9.42,10.9,-204
216,32.8,-13.3,43.5
216,152,-103,232
216,178,31.3,70.3
216,-99.4,263,-185
216,-466,135,-161
216,-369,-252,18
216,197,-324,-27.1
217,506,55.8,-248
217,251,343,-193
217,-120,134,257
217,-236,-195,583
217,-121,-200,346
217,24.6,-10.1,-182
217,53.2,151,-465
218,37.9,190,-348
218,58.4,44.1,-31.1
218,-1.35,-94.5,166
218,-141,-46.9,106
218,-105,-35.1,52
218,162,-137,170
219,227,-71,148
219,-90.4,85.5,-113
219,-229,15.2,-213
219,70.4,-112,-26.4
219,184,14.6,123
219,-180,221,35.9
219,-332,204,-175
220,122,17.5,-194
220,467,-142,98.8
220,145,-209,304
220,-274,-136,105
220,-186,99.5,-202
220,78,272,-225
221,58.1,136,-1.41
221,-121,-172,182
221,-135,-327,193
221,103,-220,92.4
221,292,70.2,-30.7
221,88.3,393,-163
221,-233,427,-291
222,-183,-16.5,-191
222,90.8,-479,214
222,157,-374,430
222,-35.6,93.7,113
222,-209,282,-288
222,-104,86.4,-250
222,178,-32,41.4
223,260,140,104
223,-9.38,227,-16.2
223,-247,-75.2,36.8
223,-79,-434,178
223,212,-381,92.8
223,126,47,-159
224,-218,456,-275
224,-258,439,-129
224,94.6,-42.3,156
224,332,-436,318
224,167,-303,173
224,-152,60.5,-141
224,-267,195,-285
225,-78.5,96.8,-127
225,166,54.6,109
225,153,118,148
225,-55.4,31,19
225,-124,-138,-69
225,7.02,-112,0.345
225,-4.67,-17.1,143
226,-209,-11.5,89
226,-106,-7.97,-200
226,346,-43.1,-321
226,474,-86.3,-60
226,41.4,58,314
226,-415,252,419
227,-404,140,86.4
227,-1.35,-169,-382
227,309,-170,-474
227,204,151,-91.8
227,-77.3,225,364
227,-110,-127,446
227,37.6,-420,97.9
228,-13.4,-230,-325
228,-155,238,-383
228,-88.6,429,18.9
228,9.57,190,380
228,53.9,-152,211
228,164,-275,-191
229,162,-112,-249
229,-7.01,87.4,4.31
229,-60.4,66.2,152
229,37.7,-43.2,25.5
229,42.1,-28.9,-160
229,-71.5,72.7,-119
229,-173,153,82.1
230,-187,115,172
230,2.19,-64,124
230,222,-227,41
230,92.2,-217,-66.2
230,-192,-15.5,-158
230,-142,210,-129
230,136,192,26.7
231,248,-55.6,161
231,154,-170,128
231,-6.21,36.3,-57.9
231,-159,225,-188
231,-230,71.4,-71.2
231,-122,-152,128
232,109,-114,86.1
232,209,-11.5,-108
232,78.8,-69.7,-69.4
232,-78.7,-135,140
232,-93.1,-10.7,129
232,-27.1,211,-55.8
232,41.1,266,-123
233,45.3,118,-82.4
233,-65.8,-69.1,-11.1
233,-118,-241,139
233,-5.39,-321,227
233,59.7,-142,56.3
233,-29,210,-198
233,-39.3,382,-250
234,174,162,-98.4
234,316,-179,84.7
234,64.6,-164,117
234,-322,119,-1.38
234,-260,92,-42.7
234,159,-264,55.8
235,208,-312,85.5
235,-222,94.4,-10.5
235,-383,349,-21.5
235,45.9,155,125
235,411,-80.3,177
235,248,-69,-66.1
235,-71.2,-26.5,-341
236,-171,-88.9,-221
236,-83.1,-70,138
236,43.9,75.5,217
236,60.3,124,-9.39
236,-92.5,25.7,-189
236,-234,-69.3,-106
237,-74.6,-121,176
237,284,-80.9,299
237,358,84.2,67.3
237,46.9,151,-175
237,-270,11.8,-152
237,-278,-54.7,-44.2
237,11.1,50.2,8.3
238,233,62.4,52.8
238,109,-68.5,55.3
238,-112,-107,-11.9
238,-132,-11.2,-48.2
238,-51.3,44.6,1.62
238,35.3,-13.1,49.2
238,159,-103,-6.03
239,153,-67.8,-97.6
239,-72.9,112,-41.7
239,-277,173,127
239,-183,-15.8,138
239,140,-132,-25.2
239,274,45,-100
240,83.8,199,-51.4
240,-24.4,26,-14.8
240,29.5,-211,4.68
240,-82.5,-142,30.2
240,-222,68.2,70.1
240,-73.1,67.9,96
240,131,-47.3,-8.88
241,56.3,5.19,-201
241,-90.5,119,-243
241,5.7,43.1,-35.5
241,131,-127,236
241,1.82,-177,280
241,-113,-80.1,54.4
242,71,108,-139
242,255,271,-92.7
242,124,224,17.6
242,-196,-21.5,-2.38
242,-417,-249,-23.5
242,-269,-281,24.4
242,211,-79.2,-2.64
243,490,184,-24.4
243,208,268,35.2
243,-276,112,-39.8
243,-409,-165,-172
243,-86.2,-287,-26.9
243,329,-88.8,241
243,372,153,224
244,-18.8,151,-28.9
244,-393,86.4,-193
244,-302,80.9,-193
244,156,-34.3,-124
244,433,-192,30.9
244,213,-184,275
245,-255,-78.3,352
245,-446,43,66.7
245,-87.3,210,-286
245,364,292,-310
245,260,143,-91.9
245,-142,-110,50.1
245,-187,-245,55.9
246,5.31,-205,81.3
246,7.73,-50.9,122
246,-61,119,35.4
246,50.3,141,-65.6
246,174,-49.8,-6.92
246,72.9,-223,79.9
246,-86.3,-70,19.5
247,-67.2,283,-103
247,-47.6,337,-67
247,-146,5.83,63
247,-72,-266,7.41
247,192,-219,-151
247,237,-19.3,-74.3
248,-8.42,109,169
248,-203,137,157
248,-142,76.8,-88.3
248,68.9,-73.3,-92.9
248,194,-160,101
248,90.5,-69,45.1
248,-105,35.2,-110
249,-132,20.2,33.9
249,-23.4,52.4,172
249,-43.5,193,-79.1
249,-93,133,-314
249,115,-144,-116
249,351,-199,192
250,178,-15,242
250,-272,23.5,113
250,-440,-106,-71.4
250,-140,-110,-182
250,238,126,-43
250,288,326,124
250,32.7,188,41
